"model","Avg_Dep_Delay"
"737-282",1.04290822407628
"737-230",1.06194690265487
"ERJ 190-100 IGW",24.7660869565217
"A330-223",33.5
